<?xml version="1.0" encoding="UTF-8"?>
<config xmlns="http://www.knime.org/2008/09/XMLConfig" xmlns:xsi="http://www.w3.org/2001/XMLSchema-instance" xsi:schemaLocation="http://www.knime.org/2008/09/XMLConfig http://www.knime.org/XMLConfig_2008_09.xsd" key="viewRepresentation">
    <entry key="showLegend" type="xboolean" value="false"/>
    <entry key="autoRange" type="xboolean" value="true"/>
    <entry key="useDomainInformation" type="xboolean" value="false"/>
    <entry key="showGrid" type="xboolean" value="true"/>
    <entry key="showCrosshair" type="xboolean" value="false"/>
    <entry key="snapToPoints" type="xboolean" value="false"/>
    <entry key="resizeToWindow" type="xboolean" value="true"/>
    <entry key="enableViewConfiguration" type="xboolean" value="true"/>
    <entry key="enableTitleChange" type="xboolean" value="true"/>
    <entry key="enableSubtitleChange" type="xboolean" value="true"/>
    <entry key="enableXColumnChange" type="xboolean" value="true"/>
    <entry key="enableYColumnChange" type="xboolean" value="true"/>
    <entry key="enableXAxisLabelEdit" type="xboolean" value="true"/>
    <entry key="enableYAxisLabelEdit" type="xboolean" value="true"/>
    <entry key="enableDotSizeChange" type="xboolean" value="false"/>
    <entry key="enablePanning" type="xboolean" value="true"/>
    <entry key="enableZooming" type="xboolean" value="true"/>
    <entry key="enableDragZooming" type="xboolean" value="false"/>
    <entry key="showZoomResetButton" type="xboolean" value="false"/>
    <entry key="enableSelection" type="xboolean" value="true"/>
    <entry key="enableRectangleSelection" type="xboolean" value="true"/>
    <entry key="enableLassoSelection" type="xboolean" value="false"/>
    <entry key="imageWidth" type="xint" value="800"/>
    <entry key="imageHeight" type="xint" value="600"/>
    <entry key="backgroundColor" type="xstring" value="rgba(255,255,255,1.0)"/>
    <entry key="dataAreaColor" type="xstring" value="rgba(255,255,255,1.0)"/>
    <entry key="gridColor" type="xstring" value="rgba(230,230,230,1.0)"/>
    <entry key="hasDataset" type="xboolean" value="true"/>
    <config key="dataset">
        <entry key="tableID" type="xstring" value="5dd1793c-728e-433a-a9d3-011c35c2957c"/>
        <config key="columnKeys">
            <entry key="array-size" type="xint" value="3"/>
            <entry key="0" type="xstring" value="Imóvel"/>
            <entry key="1" type="xstring" value="Preço (R$)"/>
            <entry key="2" type="xstring" value="Prediction (Preço (R$))"/>
        </config>
        <config key="symbols_0">
            <entry key="index" type="xint" value="0"/>
            <entry key="numSymbols" type="xint" value="5"/>
            <config key="symbol_0">
                <entry key="key" type="xstring" value="0"/>
                <entry key="value" type="xstring" value="Sobrado 4 quartos"/>
            </config>
            <config key="symbol_1">
                <entry key="key" type="xstring" value="1"/>
                <entry key="value" type="xstring" value="Casa de Campo"/>
            </config>
            <config key="symbol_2">
                <entry key="key" type="xstring" value="2"/>
                <entry key="value" type="xstring" value="Mansão"/>
            </config>
            <config key="symbol_3">
                <entry key="key" type="xstring" value="3"/>
                <entry key="value" type="xstring" value="Apartamento 3 quartos"/>
            </config>
            <config key="symbol_4">
                <entry key="key" type="xstring" value="4"/>
                <entry key="value" type="xstring" value="Condomínio Fechado"/>
            </config>
        </config>
        <config key="columnColors">
            <entry key="array-size" type="xint" value="3"/>
            <entry key="0" type="xstring" isnull="true" value=""/>
            <entry key="1" type="xstring" isnull="true" value=""/>
            <entry key="2" type="xstring" isnull="true" value=""/>
        </config>
        <config key="dateTimeFormats">
            <entry key="array-size" type="xint" value="3"/>
            <entry key="0" type="xstring" isnull="true" value=""/>
            <entry key="1" type="xstring" isnull="true" value=""/>
            <entry key="2" type="xstring" isnull="true" value=""/>
        </config>
        <entry key="colPropsSize" type="xint" value="1"/>
        <entry key="numRows" type="xint" value="5"/>
        <config key="row_0">
            <entry key="rowKey" type="xstring" value="Row5"/>
            <config key="values">
                <entry key="array-size" type="xint" value="3"/>
                <entry key="0" type="xstring" value="0.0"/>
                <entry key="1" type="xstring" value="0.14156626506024098"/>
                <entry key="2" type="xstring" value="0.0"/>
            </config>
            <entry key="numProperties" type="xint" value="1"/>
            <config key="property_0">
                <entry key="key" type="xstring" value="color"/>
                <entry key="value" type="xstring" value="#404040"/>
            </config>
        </config>
        <config key="row_1">
            <entry key="rowKey" type="xstring" value="Row8"/>
            <config key="values">
                <entry key="array-size" type="xint" value="3"/>
                <entry key="0" type="xstring" value="1.0"/>
                <entry key="1" type="xstring" value="0.2319277108433735"/>
                <entry key="2" type="xstring" value="0.0"/>
            </config>
            <entry key="numProperties" type="xint" value="1"/>
            <config key="property_0">
                <entry key="key" type="xstring" value="color"/>
                <entry key="value" type="xstring" value="#404040"/>
            </config>
        </config>
        <config key="row_2">
            <entry key="rowKey" type="xstring" value="Row10"/>
            <config key="values">
                <entry key="array-size" type="xint" value="3"/>
                <entry key="0" type="xstring" value="2.0"/>
                <entry key="1" type="xstring" value="1.0"/>
                <entry key="2" type="xstring" value="0.0"/>
            </config>
            <entry key="numProperties" type="xint" value="1"/>
            <config key="property_0">
                <entry key="key" type="xstring" value="color"/>
                <entry key="value" type="xstring" value="#404040"/>
            </config>
        </config>
        <config key="row_3">
            <entry key="rowKey" type="xstring" value="Row12"/>
            <config key="values">
                <entry key="array-size" type="xint" value="3"/>
                <entry key="0" type="xstring" value="3.0"/>
                <entry key="1" type="xstring" value="0.07228915662650603"/>
                <entry key="2" type="xstring" value="0.0"/>
            </config>
            <entry key="numProperties" type="xint" value="1"/>
            <config key="property_0">
                <entry key="key" type="xstring" value="color"/>
                <entry key="value" type="xstring" value="#404040"/>
            </config>
        </config>
        <config key="row_4">
            <entry key="rowKey" type="xstring" value="Row14"/>
            <config key="values">
                <entry key="array-size" type="xint" value="3"/>
                <entry key="0" type="xstring" value="4.0"/>
                <entry key="1" type="xstring" value="0.15060240963855423"/>
                <entry key="2" type="xstring" value="0.0"/>
            </config>
            <entry key="numProperties" type="xint" value="1"/>
            <config key="property_0">
                <entry key="key" type="xstring" value="color"/>
                <entry key="value" type="xstring" value="#404040"/>
            </config>
        </config>
        <entry key="numColorModels" type="xint" value="0"/>
        <config key="missingValueColumns">
            <entry key="array-size" type="xint" value="0"/>
        </config>
    </config>
    <entry key="displayFullscreenButton" type="xboolean" value="true"/>
    <entry key="enableShowSelectedOnly" type="xboolean" value="true"/>
    <config key="subscriptionFilterIds">
        <entry key="array-size" type="xint" value="0"/>
    </config>
    <entry key="enableSwitchLegend" type="xboolean" value="false"/>
    <entry key="showWarningInView" type="xboolean" value="true"/>
    <entry key="hasWarnings" type="xboolean" value="false"/>
    <entry key="reportOnMissingValues" type="xboolean" value="true"/>
    <config key="dateTimeFormats">
        <entry key="globalDateTimeLocale" type="xstring" value="en"/>
        <entry key="globalDateFormat" type="xstring" value="YYYY-MM-DD"/>
        <entry key="globalLocalDateFormat" type="xstring" value="YYYY-MM-DD"/>
        <entry key="globalLocalDateTimeFormat" type="xstring" value="YYYY-MM-DD"/>
        <entry key="globalLocalTimeFormat" type="xstring" value="HH:mm:ss"/>
        <entry key="globalZonedDateTimeFormat" type="xstring" value="YYYY-MM-DD z"/>
        <entry key="timezone" type="xstring" value="America/Fortaleza"/>
    </config>
    <entry key="enforceOrigin" type="xboolean" value="false"/>
</config>
